Numero de prueba,Seed centros:,Seed gasolineras,MaxKm,Beneficio,Nodos expandidos,Tiempo de ejecucion
0,1135,9917,500,91988,109,1176.59259
1,7474,6131,500,92796,119,1385.180227
2,8887,7929,500,94668,105,937.478974
3,5580,2173,500,94580,112,1128.390753
4,6770,8179,500,95288,117,1282.284335
5,2785,7339,500,93924,122,1183.483023
6,448,336,500,94476,108,1001.236335
7,7234,7792,500,92520,113,1312.370488
8,2560,4925,500,94944,117,1146.011271
9,531,8246,500,90668,110,1012.159745
