Numero de prueba,Seed centros:,Seed gasolineras,MaxKm,Beneficio,Nodos expandidos,Tiempo de ejecucion
0,1135,9917,600,94096,123,1333.150206
1,7474,6131,600,92524,111,1545.561515
2,8887,7929,600,94356,114,1201.626289
3,5580,2173,600,92424,107,1200.361804
4,6770,8179,600,95168,123,1669.441163
5,2785,7339,600,92700,115,1264.115644
6,448,336,600,94512,109,1253.968789
7,7234,7792,600,92652,115,1605.423285
8,2560,4925,600,94544,130,1620.412631
9,531,8246,600,91712,121,1308.412884
