Numero de prueba,Seed centros:,Seed gasolineras,MaxKm,Beneficio,Nodos expandidos,Tiempo de ejecucion
0,1135,9917,700,93276,112,1309.079995
1,7474,6131,700,92068,116,1730.394904
2,8887,7929,700,93516,117,1348.583292
3,5580,2173,700,93804,123,1600.461594
4,6770,8179,700,94076,110,1495.253603
5,2785,7339,700,93260,118,1479.859822
6,448,336,700,94520,115,1430.928705
7,7234,7792,700,92720,127,1891.321702
8,2560,4925,700,94348,118,1541.008104
9,531,8246,700,92292,123,1578.207467
